id,username,model,prediction,user_input
1,vamsi,hybrid,0,"{""Patient_Age"": 1000, ""Patient_Gender"": ""1"", ""Insurance_Type"": ""Government"", ""Days_Admitted"": 5, ""Hospital_Type"": ""Specialty"", ""Diagnosis_Code"": ""J45"", ""Claim_Day"": ""Sunday"", ""Procedure_Code"": 99125, ""Number_of_Procedures"": 3, ""Claim_Amount"": 10000.0}"
2,rahul,hybrid,1,"{""Patient_Age"": 57, ""Patient_Gender"": ""0"", ""Insurance_Type"": ""Private"", ""Days_Admitted"": 10, ""Hospital_Type"": ""Specialty"", ""Diagnosis_Code"": ""J45"", ""Claim_Day"": ""Saturday"", ""Procedure_Code"": 99125, ""Number_of_Procedures"": 5, ""Claim_Amount"": 400000.0}"
3,rahul,hybrid,0,"{""Patient_Age"": 57, ""Patient_Gender"": ""1"", ""Insurance_Type"": ""Private"", ""Days_Admitted"": 10, ""Hospital_Type"": ""Specialty"", ""Diagnosis_Code"": ""ICD-10 , C71.9"", ""Claim_Day"": ""Saturday"", ""Procedure_Code"": 33, ""Number_of_Procedures"": 5, ""Claim_Amount"": 400000.0}"
4,rahul,hybrid,0,"{""Patient_Age"": 50, ""Patient_Gender"": ""1"", ""Insurance_Type"": ""Government"", ""Days_Admitted"": 10, ""Hospital_Type"": ""Specialty"", ""Diagnosis_Code"": ""ICD-10 , C71.9"", ""Claim_Day"": ""Saturday"", ""Procedure_Code"": 33, ""Number_of_Procedures"": 5, ""Claim_Amount"": 400000.0}"
5,sujith,hybrid,0,"{""Patient_Age"": 20, ""Patient_Gender"": ""1"", ""Insurance_Type"": ""Employer"", ""Days_Admitted"": 5, ""Hospital_Type"": ""General"", ""Diagnosis_Code"": ""J45"", ""Claim_Day"": ""Tuesday"", ""Procedure_Code"": 99215, ""Number_of_Procedures"": 3, ""Claim_Amount"": 1500.0}"
6,abcd,hybrid,0,"{""Patient_Age"": 100000, ""Patient_Gender"": ""1"", ""Insurance_Type"": ""Private"", ""Days_Admitted"": 5, ""Hospital_Type"": ""Teaching"", ""Diagnosis_Code"": ""JUUU"", ""Claim_Day"": ""Wednesday"", ""Procedure_Code"": 999999999, ""Number_of_Procedures"": 3, ""Claim_Amount"": 1500.0}"
7,abcd,hybrid,0,"{""Patient_Age"": 100000, ""Patient_Gender"": ""1"", ""Insurance_Type"": ""Private"", ""Days_Admitted"": 0, ""Hospital_Type"": ""Teaching"", ""Diagnosis_Code"": ""JUUU"", ""Claim_Day"": ""Wednesday"", ""Procedure_Code"": 999999999, ""Number_of_Procedures"": 0, ""Claim_Amount"": 1500.0}"
8,abcd,hybrid,0,"{""Patient_Age"": 100000, ""Patient_Gender"": ""1"", ""Insurance_Type"": ""Private"", ""Days_Admitted"": 100, ""Hospital_Type"": ""Teaching"", ""Diagnosis_Code"": ""JUUU"", ""Claim_Day"": ""Wednesday"", ""Procedure_Code"": 999999999, ""Number_of_Procedures"": 20, ""Claim_Amount"": 1500.0}"
9,abcd,hybrid,0,"{""Patient_Age"": 100000, ""Patient_Gender"": ""1"", ""Insurance_Type"": ""Private"", ""Days_Admitted"": 100, ""Hospital_Type"": ""Teaching"", ""Diagnosis_Code"": ""JUUU"", ""Claim_Day"": ""Wednesday"", ""Procedure_Code"": 999999999, ""Number_of_Procedures"": 20, ""Claim_Amount"": 1500.0}"
10,abcd,hybrid,1,"{""Patient_Age"": 10000, ""Patient_Gender"": ""1"", ""Insurance_Type"": ""Self-pay"", ""Days_Admitted"": 500, ""Hospital_Type"": ""Teaching"", ""Diagnosis_Code"": ""jiii"", ""Claim_Day"": ""Sunday"", ""Procedure_Code"": 8888888, ""Number_of_Procedures"": 88888, ""Claim_Amount"": 123456.0}"
11,abcd,hybrid,1,"{""Patient_Age"": 10000, ""Patient_Gender"": ""1"", ""Insurance_Type"": ""Self-pay"", ""Days_Admitted"": 500, ""Hospital_Type"": ""Teaching"", ""Diagnosis_Code"": ""jiii"", ""Claim_Day"": ""Sunday"", ""Procedure_Code"": 8888888, ""Number_of_Procedures"": 88888, ""Claim_Amount"": 1234.0}"
12,abcd,hybrid,1,"{""Patient_Age"": 65, ""Patient_Gender"": ""1"", ""Insurance_Type"": ""Self-pay"", ""Days_Admitted"": 500, ""Hospital_Type"": ""Teaching"", ""Diagnosis_Code"": ""jiii"", ""Claim_Day"": ""Sunday"", ""Procedure_Code"": 88888, ""Number_of_Procedures"": 8, ""Claim_Amount"": 1234.0}"
13,abcd,hybrid,0,"{""Patient_Age"": 65, ""Patient_Gender"": ""1"", ""Insurance_Type"": ""Self-pay"", ""Days_Admitted"": 365, ""Hospital_Type"": ""Teaching"", ""Diagnosis_Code"": ""jiii"", ""Claim_Day"": ""Sunday"", ""Procedure_Code"": 99215, ""Number_of_Procedures"": 8, ""Claim_Amount"": 1234.0}"
14,abcd,hybrid,1,"{""Patient_Age"": ""65"", ""Patient_Gender"": ""M"", ""Insurance_Type"": ""Private"", ""Days_Admitted"": ""5"", ""Hospital_Type"": ""Nursing_Home"", ""Diagnosis_Code"": ""A90"", ""Claim_Day"": ""Wednesday"", ""Procedure_Code"": ""93000"", ""Number_of_Procedures"": ""3"", ""Claim_Amount"": ""85000""}"
15,abcd,hybrid,1,"{""Patient_Age"": ""65"", ""Patient_Gender"": ""M"", ""Insurance_Type"": ""Private"", ""Days_Admitted"": ""3"", ""Hospital_Type"": ""Nursing_Home"", ""Diagnosis_Code"": ""A90"", ""Claim_Day"": ""Wednesday"", ""Procedure_Code"": ""93000"", ""Number_of_Procedures"": ""3"", ""Claim_Amount"": ""85000""}"
16,abcd,hybrid,0,"{""Patient_Age"": ""65"", ""Patient_Gender"": ""M"", ""Insurance_Type"": ""Private"", ""Days_Admitted"": ""3"", ""Hospital_Type"": ""Nursing_Home"", ""Diagnosis_Code"": ""A90"", ""Claim_Day"": ""Wednesday"", ""Procedure_Code"": ""99215"", ""Number_of_Procedures"": ""3"", ""Claim_Amount"": ""85000""}"
17,abcd,hybrid,0,"{""Patient_Age"": ""65"", ""Patient_Gender"": ""M"", ""Insurance_Type"": ""Private"", ""Days_Admitted"": ""5"", ""Hospital_Type"": ""Government"", ""Diagnosis_Code"": ""B01"", ""Claim_Day"": ""Thursday"", ""Procedure_Code"": ""92920"", ""Number_of_Procedures"": ""3"", ""Claim_Amount"": ""8500""}"
